ID,Gender,a1,a2,a3,a4,a5,a6,a7,a8,a9,a10,a11,a12,a13,a14,a15,a16,a17,a18,a19,a20,result
1,m,0,0,0,0,0,0,0,0,0,0,1,0,0,0,0,0,0,1,0,0,1
2,f,0,0,0,1,0,0,0,0,0,0,1,0,0,0,0,0,0,0,1,0,1
3,m,0,0,0,0,0,0,0,0,0,0,0,0,0,0,0,0,0,1,1,0,1
4,m,0,0,0,1,0,0,0,0,0,0,0,0,0,0,0,0,0,1,0,0,1
5,f,0,0,0,0,0,0,0,0,0,0,0,0,0,0,0,0,0,1,1,0,1
6,m,0,0,0,0,0,0,0,0,0,0,0,0,0,0,0,0,0,1,1,0,1
7,m,0,0,0,0,0,0,0,0,0,0,0,0,0,0,0,0,0,1,0,0,1
8,f,0,0,0,0,0,0,0,0,0,0,0,0,0,0,0,0,0,1,0,0,1
9,m,1,1,0,0,0,1,1,0,0,1,1,1,0,0,0,0,0,1,0,0,1
10,f,0,1,0,0,0,0,0,0,0,1,1,1,0,0,0,0,0,0,1,0,1
11,f,1,1,1,0,1,0,1,0,0,1,0,0,0,0,0,0,0,0,0,0,1
12,m,0,0,0,0,0,0,0,0,0,0,0,0,0,0,0,0,0,1,1,0,1
13,m,1,1,1,0,0,0,1,0,0,1,0,0,0,0,0,0,0,1,1,0,1
14,f,0,0,0,1,1,0,0,0,0,1,0,1,0,0,0,0,0,0,1,0,1
15,f,0,0,0,1,0,0,0,0,0,0,1,0,0,0,0,0,0,0,1,0,1
16,f,0,0,0,0,1,0,0,0,0,0,0,0,0,0,0,0,0,0,1,0,1
17,m,0,1,1,0,0,0,0,0,0,0,0,0,0,0,0,0,0,0,1,0,1
18,f,1,1,1,0,0,0,0,0,0,0,0,0,0,0,0,0,0,0,1,0,1
19,m,0,1,1,0,1,1,1,0,0,1,1,1,0,0,0,0,0,0,1,0,1
20,f,0,1,1,0,1,0,0,0,0,0,0,0,0,0,0,0,0,0,1,0,1
21,m,1,1,0,0,0,0,1,0,0,0,0,0,0,0,0,0,0,0,0,0,1
22,f,0,0,0,0,1,0,1,0,0,1,1,1,0,0,1,0,0,1,1,0,1
23,f,0,0,0,0,0,0,0,0,0,0,0,0,0,0,0,0,0,1,0,0,1
24,m,0,1,1,0,1,0,0,0,0,0,0,0,0,0,0,0,0,1,1,0,1
25,f,0,0,1,0,1,0,0,0,0,0,1,0,0,0,0,0,0,0,1,0,1
26,f,0,0,0,0,1,0,0,0,0,0,0,0,0,0,0,0,0,0,1,0,1
27,f,0,0,0,0,1,1,1,0,0,1,1,1,0,0,0,0,1,0,1,0,1
28,m,0,0,0,0,0,0,0,0,0,0,0,0,0,0,0,0,0,1,1,0,1
29,f,0,0,0,0,0,0,0,0,0,0,1,1,0,0,0,0,0,0,1,0,1
30,m,0,0,1,1,0,0,0,0,0,0,0,0,0,0,0,0,0,0,1,0,1
31,m,0,0,1,1,1,0,0,0,0,0,0,0,0,0,0,0,0,0,1,0,1
32,m,0,0,0,0,0,0,0,0,0,0,0,0,0,0,0,0,0,1,0,0,1
33,f,0,1,1,0,1,0,0,0,0,0,0,0,0,0,0,0,0,0,0,0,1
34,m,0,0,0,0,0,0,0,0,0,0,0,0,0,0,0,0,0,1,1,0,1
35,f,0,0,1,0,1,0,0,0,0,0,1,1,0,0,0,0,0,1,1,0,1
36,f,0,1,0,0,0,0,0,0,0,0,0,0,0,0,0,0,0,1,0,0,1
37,f,0,1,0,0,0,1,1,0,0,0,0,0,0,0,0,0,0,0,1,0,1
38,f,0,0,1,0,1,0,0,0,0,0,0,0,0,0,0,0,0,0,1,0,1
39,m,0,1,1,1,1,0,0,0,0,0,0,0,0,0,0,0,0,0,1,0,1
40,f,0,1,1,0,0,0,0,0,0,0,0,0,0,0,0,0,0,1,0,0,1
41,f,0,0,1,1,1,1,1,0,0,0,1,1,0,0,1,1,0,0,1,0,1
42,m,0,1,1,0,1,0,0,0,0,0,0,0,0,0,0,0,0,0,1,1,1
43,f,1,1,1,0,0,0,0,0,0,1,0,0,0,0,0,0,0,0,1,1,1
44,f,0,0,0,0,0,0,0,0,0,0,0,0,0,0,0,0,0,1,1,1,1
45,m,0,1,1,1,0,0,0,0,0,0,1,1,0,0,0,0,0,1,1,1,1
46,m,0,1,0,0,0,0,0,0,0,1,0,0,0,0,0,0,0,0,1,1,1
47,m,0,1,1,1,0,0,0,0,0,0,0,0,0,0,0,0,0,1,1,0,1
48,m,0,0,1,1,0,0,0,0,0,0,1,0,0,0,0,0,0,0,1,1,1
49,f,0,1,1,0,1,0,0,0,0,0,0,0,0,0,0,0,0,0,1,1,1
50,f,0,1,1,0,0,0,0,0,0,0,0,0,0,0,0,0,0,0,1,1,1
51,f,0,1,1,0,0,0,0,0,0,0,1,0,0,0,0,0,0,0,1,1,1
52,f,0,1,0,0,0,0,0,0,0,0,1,1,0,0,0,0,0,0,1,1,1
53,f,0,1,1,0,0,0,0,0,0,0,0,0,0,0,0,0,0,0,1,1,1
54,f,0,1,1,1,1,0,0,0,0,0,0,0,0,0,0,0,0,0,1,1,1
55,f,0,1,1,1,0,0,0,0,0,0,0,0,0,0,0,0,0,0,1,1,1
56,m,0,1,0,1,0,0,0,0,0,1,0,0,0,0,0,0,0,1,1,1,1
57,f,0,1,0,0,0,0,0,0,0,0,0,0,0,0,0,0,0,1,1,1,1
58,f,0,1,0,0,0,0,0,0,0,0,0,0,0,0,0,0,0,1,1,1,1
59,f,0,0,0,0,0,0,0,0,0,0,0,0,0,0,0,0,0,1,1,1,1
60,f,0,0,0,0,0,0,0,0,0,0,0,0,0,0,0,0,0,1,1,1,1
61,f,0,0,0,0,0,0,0,0,0,0,0,0,0,0,0,0,0,1,1,1,1
62,f,0,0,0,0,0,0,0,0,0,0,0,0,0,0,0,0,0,1,0,0,1
63,f,0,0,0,0,0,0,0,0,0,0,0,0,0,0,0,0,0,1,1,0,1
64,f,0,1,0,0,0,0,1,0,0,0,0,0,0,0,0,0,0,1,1,0,1
65,f,0,0,0,0,0,0,0,0,0,0,0,0,0,0,0,0,0,1,0,0,1
66,m,0,0,0,0,0,0,0,0,0,0,0,0,0,0,0,0,0,1,0,0,1
67,f,0,1,1,0,0,0,0,0,0,0,0,0,0,0,0,0,0,0,0,1,1
68,m,0,1,1,1,0,0,0,0,0,0,1,1,0,0,0,0,0,0,1,0,1
69,m,0,0,0,0,0,0,0,0,0,0,0,0,0,0,0,0,0,1,0,1,1
70,f,0,1,1,0,1,0,0,0,0,0,0,0,0,0,0,0,0,1,0,0,1
71,m,0,0,1,1,1,0,0,0,0,0,0,0,0,0,0,0,0,1,1,1,1
72,f,0,1,0,0,0,0,1,0,0,0,0,0,0,0,0,0,0,0,1,1,1
73,m,0,0,1,1,1,0,0,0,0,1,1,0,0,0,0,0,0,1,0,1,1
74,f,0,0,0,0,0,0,0,0,0,0,0,0,0,0,0,0,0,1,0,0,1
75,m,0,0,0,0,0,0,0,0,0,0,0,0,0,0,0,0,0,1,1,1,1
76,f,0,0,0,0,0,0,0,0,0,0,0,0,0,0,0,0,0,1,0,1,1
77,m,0,0,0,0,0,0,0,0,0,0,0,0,0,0,0,0,0,1,1,1,1
78,f,0,0,0,0,0,0,0,0,0,0,0,0,0,0,0,0,0,1,0,1,1
79,m,0,1,1,0,0,0,0,0,0,0,0,0,0,0,0,0,0,1,1,1,1
80,f,0,0,0,0,0,0,0,0,0,1,1,0,0,0,0,0,0,1,0,0,1
81,f,0,1,1,0,1,0,0,0,1,1,0,0,0,0,1,0,0,1,1,1,1
82,f,0,0,0,0,0,0,0,0,0,0,0,0,0,0,0,0,0,1,1,1,1
83,m,0,1,0,0,0,0,0,0,0,1,1,1,0,0,0,0,0,0,1,1,1
84,m,0,1,1,1,0,0,1,0,0,0,0,0,0,0,0,0,0,1,1,0,1
85,f,0,0,0,0,0,0,0,0,0,0,0,0,0,0,0,0,0,1,1,1,1
86,f,0,0,0,0,0,0,0,0,0,0,0,0,0,0,0,0,0,1,1,1,1
87,f,0,0,0,0,0,0,0,0,0,0,0,0,0,0,0,0,0,1,1,1,1
88,f,0,0,0,0,0,0,0,0,0,0,0,0,0,0,0,0,0,1,1,1,1
89,f,0,0,0,0,0,0,0,0,0,0,0,0,0,0,0,0,0,1,0,0,1
90,f,0,0,0,0,0,0,0,0,0,0,0,0,0,0,0,0,0,1,1,1,1
91,m,0,0,0,0,0,0,0,0,0,0,0,0,0,0,0,0,0,1,1,1,1
92,m,0,0,0,0,0,0,0,0,0,0,0,0,0,0,0,0,0,0,1,1,1
93,f,0,0,0,0,0,0,0,0,0,0,1,1,0,0,0,0,0,0,1,1,1
94,m,0,0,0,0,0,0,0,0,0,0,0,0,0,0,0,0,0,1,1,1,1
95,f,0,0,0,0,0,0,0,0,0,0,1,0,0,0,0,0,0,0,1,1,1
96,m,0,0,0,0,0,0,0,0,0,0,0,0,0,0,0,0,0,0,1,1,1
97,m,0,0,0,0,0,0,0,0,0,0,0,0,0,0,0,0,0,0,1,1,1
98,m,1,1,1,1,0,1,1,0,0,0,0,0,0,0,1,1,0,0,1,1,2
99,f,0,0,0,0,0,0,0,0,0,0,1,1,0,0,0,0,0,1,1,1,1
100,m,0,1,1,1,0,0,0,0,0,0,0,0,0,0,0,0,0,1,1,1,1
101,f,0,0,0,0,0,0,0,0,0,0,0,0,0,0,0,0,0,0,1,1,1
102,m,0,1,0,1,0,0,0,0,0,0,1,1,0,0,0,0,0,1,0,0,1
103,f,0,1,1,1,1,0,0,0,0,0,1,0,0,0,0,0,0,1,1,1,1
104,f,0,0,0,0,0,0,0,0,0,0,1,1,0,0,0,0,0,1,1,1,1
105,f,0,0,0,0,0,0,0,0,0,0,0,0,0,0,0,0,0,1,1,1,1
106,m,0,1,1,0,1,0,0,0,0,0,0,0,0,0,0,0,0,1,1,1,1
107,m,0,1,1,1,0,0,0,0,0,0,0,0,0,0,0,0,0,1,0,0,1
108,f,0,1,0,0,0,0,1,0,0,1,0,0,0,0,0,0,0,1,1,1,1
109,f,0,0,0,0,0,0,0,0,0,0,0,0,0,0,0,0,0,1,1,1,1
110,f,0,0,0,0,0,0,0,0,0,0,0,0,0,0,0,0,0,1,1,1,1
111,m,0,1,0,0,0,0,1,0,0,0,0,0,0,0,0,0,0,1,1,1,1
112,m,0,1,1,1,0,0,0,0,0,0,0,0,0,0,0,0,0,1,0,1,1
113,m,0,1,1,0,0,0,0,0,0,0,1,1,0,0,0,0,0,1,1,1,1
114,m,1,1,1,0,0,0,0,0,0,1,0,0,0,0,0,0,0,0,1,1,1
115,f,0,1,1,1,0,0,1,0,0,1,0,0,0,0,0,0,0,1,0,1,1
116,m,0,1,1,1,0,0,0,0,0,0,1,0,0,0,0,0,0,1,0,0,1
117,f,0,1,0,0,1,0,0,0,0,0,1,0,0,0,0,0,0,1,0,0,1
118,f,0,1,0,0,0,0,0,0,0,0,1,0,0,0,0,0,0,1,0,1,1
119,f,1,1,1,1,1,1,1,0,0,0,1,0,0,0,0,0,0,0,1,1,1
120,f,0,1,1,1,0,0,0,0,0,1,1,0,0,0,0,0,0,1,0,1,1
121,m,0,1,1,1,1,0,0,0,0,0,0,0,0,0,0,0,0,1,0,1,1
122,m,0,1,1,1,1,0,0,0,0,0,0,0,0,0,0,0,0,0,1,1,1
123,m,0,1,0,0,0,0,0,0,0,1,1,1,0,0,0,0,0,1,0,1,1
124,m,0,1,1,1,0,1,1,0,0,0,1,1,0,0,0,0,0,1,1,1,1
125,f,0,0,0,1,0,0,0,0,0,0,1,0,0,0,0,0,0,1,0,1,1
126,f,0,1,1,1,0,0,0,0,0,0,0,1,0,0,1,1,0,0,1,1,1
127,f,0,1,1,0,0,0,0,0,0,0,1,0,0,0,0,0,0,1,0,1,1
128,m,0,1,1,1,1,0,0,0,0,0,0,0,0,0,0,0,0,1,0,1,1
129,m,0,1,1,0,0,0,0,0,0,0,0,0,0,0,0,0,0,1,1,1,1
130,f,1,1,1,1,1,0,1,0,0,1,0,0,0,0,0,0,0,1,1,1,1
131,f,0,1,1,1,1,0,0,0,0,0,0,0,0,0,0,0,0,1,1,1,1
132,m,0,1,1,1,0,0,0,0,0,0,1,1,0,0,0,0,0,0,0,1,1
133,f,1,1,1,1,1,0,0,0,1,0,0,1,0,0,0,0,0,0,0,0,1
134,f,0,1,1,1,1,0,0,0,0,1,0,0,0,0,0,0,0,1,1,1,1
135,f,0,1,1,1,1,0,0,0,0,0,0,0,0,0,0,0,0,1,1,1,1
136,m,0,1,1,1,1,0,0,0,0,0,0,0,0,0,0,0,0,1,0,1,1
137,f,1,1,1,1,1,0,1,0,0,0,0,0,0,0,0,0,0,1,0,1,1
138,m,0,1,1,0,0,0,0,0,0,0,0,0,0,0,0,0,0,1,1,1,1
139,m,1,1,1,0,1,0,0,0,0,0,0,0,0,0,0,0,0,1,1,1,1
140,m,0,1,1,1,0,0,0,0,0,0,0,0,0,0,0,0,0,1,1,1,1
141,f,0,1,1,0,0,0,0,0,0,0,1,0,0,0,0,0,0,1,1,1,1
142,f,1,1,1,1,1,0,1,0,0,0,0,0,0,0,0,0,0,0,1,1,1
143,m,0,1,1,0,1,0,0,0,0,0,0,0,0,0,0,0,0,0,1,1,1
144,m,0,1,1,0,0,0,0,0,0,0,1,0,0,0,0,0,0,1,1,1,1
145,f,0,1,1,0,0,0,0,0,0,1,0,0,0,0,0,0,0,0,1,1,1
146,m,0,1,0,0,1,0,0,0,0,0,1,0,0,0,0,0,0,1,0,1,1
147,m,0,0,1,0,0,0,0,0,0,0,1,0,0,0,0,0,0,1,0,1,1
148,m,0,1,1,0,1,0,0,0,0,0,0,0,0,0,0,0,0,0,1,1,1
149,m,0,1,1,1,0,0,0,0,0,0,1,0,0,0,0,0,0,0,0,1,1
150,f,0,1,1,0,0,0,0,0,0,0,0,0,0,0,0,0,0,1,1,1,1
151,m,0,1,1,0,1,0,0,0,0,0,1,1,0,0,0,0,0,1,1,1,1
152,m,0,0,1,0,0,0,0,0,0,0,0,0,0,0,0,0,0,1,1,1,1
153,f,0,1,0,1,0,0,1,0,0,1,0,0,0,0,0,0,0,1,1,1,1
154,m,0,1,1,0,0,0,0,0,0,0,0,0,0,0,0,0,0,1,0,1,1
155,f,1,1,1,0,1,0,1,0,0,1,0,0,0,0,1,0,0,1,1,1,1
156,m,0,1,0,0,0,0,0,0,0,1,0,0,0,0,0,0,0,1,1,1,1
157,f,0,1,1,1,0,0,0,0,0,0,1,0,0,0,0,0,0,0,1,1,1
158,m,0,1,1,1,1,0,0,0,1,0,0,0,0,0,0,0,0,0,1,1,1
159,m,0,1,1,0,0,0,0,0,0,0,0,0,0,0,0,0,0,0,1,1,1
160,m,0,1,1,1,1,0,0,0,0,1,1,0,0,0,0,0,0,1,1,1,1
161,f,0,1,1,0,1,0,0,0,0,0,0,0,0,0,0,0,0,1,0,0,1
162,m,0,0,1,0,0,0,0,0,0,0,1,1,0,0,0,0,0,1,1,1,1
163,f,0,1,1,1,1,0,0,0,0,0,0,0,0,0,0,0,0,1,1,1,1
164,f,0,1,0,0,0,0,0,0,0,1,1,0,0,0,0,0,0,0,1,1,1
165,m,0,0,1,0,0,0,0,0,0,0,1,1,0,0,0,0,0,1,0,0,1
166,m,0,1,1,0,0,0,0,0,0,0,0,0,0,0,0,0,0,1,1,1,1
167,f,0,1,1,1,1,0,0,0,0,1,0,0,0,0,0,0,0,0,1,1,1
168,f,1,1,0,0,0,0,0,0,0,1,1,1,0,0,0,0,0,1,1,1,1
169,m,0,1,1,0,1,0,0,0,0,1,0,0,0,0,0,0,0,1,1,1,1
170,f,0,1,1,1,1,0,0,0,0,1,0,0,0,0,0,0,0,1,1,1,1
171,f,0,1,1,1,1,0,0,0,0,0,0,0,0,0,0,0,0,1,1,1,1
172,f,0,1,0,0,0,0,0,0,0,0,1,1,0,0,0,0,0,1,0,1,1
173,f,0,0,1,0,1,0,1,0,0,0,0,0,0,0,0,0,0,1,1,1,1
174,f,0,1,1,0,1,0,0,0,0,0,0,0,0,0,0,0,0,1,1,1,1
175,f,0,1,1,1,1,0,0,0,0,0,1,1,0,0,0,0,0,1,1,1,1
176,m,0,0,1,0,0,0,0,0,0,0,1,1,0,0,0,0,0,0,1,1,1
177,m,0,1,1,1,1,0,0,0,0,0,0,0,0,0,0,0,0,1,1,0,1
178,m,0,1,1,0,0,0,0,0,0,0,0,0,0,0,0,0,0,1,1,1,1
179,m,0,1,1,1,1,0,0,0,0,1,0,0,0,0,0,0,0,1,0,1,1
180,f,0,1,1,1,0,0,0,0,0,0,1,1,0,0,0,0,0,1,0,1,1
181,f,0,0,1,0,0,0,0,0,0,0,1,1,0,0,0,0,0,1,0,1,1
182,f,0,0,1,0,0,0,0,0,0,0,1,1,0,0,0,0,0,0,1,1,1
183,m,0,1,1,0,0,0,1,0,0,1,0,0,0,0,0,0,0,1,1,1,1
184,f,0,1,1,1,1,0,1,0,0,0,0,0,0,0,0,0,0,1,1,1,1
185,m,0,1,1,1,1,0,1,0,0,0,1,1,0,0,0,0,0,1,0,1,1
186,m,1,1,0,0,0,0,0,0,0,0,1,0,0,0,0,0,0,1,1,1,1
187,m,0,1,1,1,1,0,0,0,0,0,0,0,0,0,0,0,0,1,1,1,1
188,f,0,1,1,1,0,0,0,0,0,0,1,1,0,0,0,0,0,1,1,1,1
189,f,0,1,1,0,1,0,1,0,0,0,0,0,0,0,1,0,0,1,1,1,1
190,m,0,1,1,1,1,0,0,0,0,0,0,0,0,0,1,0,0,0,1,1,1
191,f,0,0,0,0,0,0,0,0,0,0,1,1,0,0,0,0,0,1,0,1,1
192,f,0,1,1,1,0,0,0,0,0,1,0,0,0,0,0,0,0,1,0,1,1
193,f,0,1,1,1,1,0,0,0,0,1,0,0,0,0,0,0,0,1,1,1,1
194,f,0,1,1,0,1,0,0,0,0,0,0,0,0,0,0,0,0,1,1,1,1
195,m,0,1,1,0,0,0,1,1,0,0,1,1,0,0,0,0,0,1,1,1,1
196,m,0,1,1,0,0,0,0,0,0,1,1,1,0,0,0,0,0,1,1,1,1
197,f,0,1,1,1,1,1,0,1,0,0,0,0,0,0,1,1,0,0,1,1,1
198,f,0,1,1,0,0,0,1,0,0,0,0,0,0,0,0,0,0,1,1,1,1
199,f,0,1,1,0,0,0,0,0,0,0,0,0,0,0,0,0,0,1,0,1,1
200,f,1,1,1,1,0,0,0,0,0,1,0,0,0,0,0,0,0,1,0,1,1
201,m,1,1,1,0,1,0,1,0,0,1,0,0,0,0,1,1,0,1,1,1,1
202,f,0,1,1,1,0,0,0,0,0,0,0,0,0,0,0,0,0,1,1,1,1
203,m,0,0,1,0,0,0,0,0,0,0,1,1,0,0,0,0,0,1,1,1,1
204,f,0,1,1,1,0,0,1,0,0,0,0,0,0,0,0,0,0,0,1,1,1
205,m,1,1,1,1,0,0,1,0,0,1,0,0,0,0,0,0,0,1,1,1,1
206,f,0,1,1,0,0,0,0,0,0,1,0,0,0,0,0,0,0,1,1,1,1
207,f,0,1,1,0,1,0,1,0,0,0,0,0,0,0,0,0,0,1,1,1,1
208,f,0,1,1,0,1,0,0,0,0,0,0,0,0,0,0,0,0,1,0,1,1
209,f,0,1,1,0,0,0,0,0,0,0,0,0,0,0,0,0,0,1,1,1,1
210,f,0,1,1,0,0,0,0,0,0,0,0,0,0,0,0,0,0,1,1,1,1
211,m,0,1,0,1,0,0,0,0,0,0,1,0,0,0,0,0,0,0,1,1,1
212,f,0,1,1,0,1,1,1,0,0,0,0,0,0,0,0,0,0,0,1,1,1
213,f,1,1,1,1,1,0,0,0,0,0,0,0,0,0,0,0,0,1,1,1,2
214,f,0,0,0,0,0,0,0,0,0,0,1,1,0,0,0,0,0,1,1,1,2
215,f,0,1,1,0,1,0,0,0,0,0,1,0,0,0,0,0,0,1,1,1,2
216,f,0,1,1,0,1,0,0,0,0,0,0,0,0,0,0,0,0,1,1,1,1
217,m,0,1,1,1,0,0,0,0,0,0,0,0,0,0,0,0,0,1,1,1,1
218,f,0,0,1,1,1,1,1,1,0,0,0,0,0,0,0,0,0,1,1,1,1
219,f,0,0,1,0,1,0,0,0,0,0,1,0,0,0,0,0,0,1,1,1,2
220,m,0,0,1,1,1,0,0,0,0,0,0,0,0,0,0,0,0,1,1,1,1
221,m,0,0,1,0,1,0,0,0,0,0,1,0,0,0,0,0,0,0,0,1,2
222,f,0,0,0,0,0,0,1,0,0,0,0,1,0,0,0,0,0,1,0,0,2
223,f,0,1,1,0,1,0,0,0,0,0,0,0,0,0,0,0,0,1,0,0,1
224,f,0,1,1,0,0,0,0,0,0,0,1,0,0,0,0,0,0,1,1,1,2
225,f,0,0,1,1,1,0,0,0,0,0,0,0,0,0,0,0,0,1,0,1,1
226,m,0,1,0,1,0,0,0,0,0,0,0,0,0,0,1,0,0,1,1,1,2
227,f,0,1,1,0,1,0,0,1,0,0,0,0,0,0,0,0,0,0,1,1,1
228,m,0,1,1,1,0,0,0,0,0,0,0,0,0,0,0,0,0,1,0,1,1
229,m,0,0,0,0,0,0,0,0,0,0,1,0,0,0,0,0,0,1,1,1,2
230,f,0,0,1,0,1,0,0,0,0,0,0,0,0,0,0,0,0,1,1,1,1
231,f,0,0,0,1,0,0,0,0,0,0,1,0,0,0,0,0,0,1,1,1,2
232,m,0,1,1,0,0,0,0,0,0,0,1,0,0,0,0,0,0,0,1,0,2
233,m,0,1,1,1,0,0,0,1,0,0,0,0,0,0,1,0,0,0,0,1,2
234,m,0,1,1,1,0,0,0,0,0,0,0,0,0,0,0,0,0,1,0,1,1
235,m,0,0,0,0,0,0,0,0,0,0,1,0,0,0,0,0,0,0,1,0,2
236,m,0,0,1,1,1,0,0,0,0,0,1,0,0,0,0,0,0,1,1,1,2
237,m,0,1,1,1,0,0,0,0,0,0,0,1,0,0,0,0,0,1,1,0,2
238,m,0,1,0,0,0,0,0,0,0,0,1,0,0,0,0,0,0,1,0,0,2
239,m,0,0,0,1,0,0,0,0,0,0,1,0,0,0,0,0,0,1,1,1,2
240,m,0,0,1,0,1,0,0,0,0,0,1,0,0,0,0,0,0,0,1,1,2
241,m,0,0,0,0,0,0,0,0,0,0,1,0,0,0,0,0,0,0,0,1,2
242,f,0,1,0,0,0,0,0,0,0,0,1,0,0,0,0,0,0,0,1,1,2
243,m,1,1,0,0,0,1,1,0,0,1,1,1,0,0,0,0,0,1,0,0,2
244,f,0,0,1,1,1,0,0,0,0,0,1,1,0,0,0,0,0,1,0,0,2
245,m,0,0,0,0,0,1,0,1,0,0,0,0,0,0,0,0,0,1,0,1,1
246,f,0,0,1,1,1,0,0,0,0,0,1,0,0,0,0,0,0,1,1,1,2
247,m,0,1,1,1,1,0,1,1,0,0,0,0,0,0,0,0,0,1,0,1,2
248,m,0,1,0,1,0,0,1,0,0,0,0,0,0,0,0,0,0,0,0,1,1
249,m,0,1,1,1,1,0,0,0,0,1,1,1,0,0,0,0,0,1,1,1,2
250,m,0,0,0,0,1,0,1,0,0,1,0,0,0,0,0,0,0,1,0,1,1
251,m,1,1,1,0,0,0,0,0,0,0,0,0,0,0,0,0,0,1,0,0,1
252,m,0,1,0,1,0,1,0,0,0,0,0,0,0,0,0,0,0,1,0,0,1
253,f,0,1,1,0,1,0,0,0,0,0,0,0,0,0,0,0,0,1,1,0,1
254,f,0,0,1,0,1,0,1,0,0,0,0,0,0,0,0,0,0,1,0,1,1
255,f,0,1,1,1,1,0,1,0,0,0,0,0,0,0,0,0,0,1,1,1,1
256,m,0,1,1,1,1,1,0,1,0,1,1,1,0,0,0,0,0,0,1,0,2
257,f,0,1,0,1,0,0,0,0,0,1,0,0,0,0,0,0,0,0,1,1,1
258,m,0,0,0,0,0,1,1,0,0,0,0,0,0,0,0,0,0,1,0,1,1
259,m,1,1,0,0,0,0,1,0,0,0,0,0,0,0,0,0,0,1,0,1,1
260,f,0,0,1,1,1,0,1,0,0,0,0,0,0,0,0,0,0,1,0,1,1
261,m,0,1,1,0,0,1,1,0,0,0,0,0,0,0,0,0,0,0,1,0,1
262,f,0,0,0,1,1,1,0,0,0,0,0,0,0,0,0,0,0,1,1,1,1
263,f,0,0,0,0,0,1,1,0,1,1,1,0,0,0,0,0,0,1,1,0,2
264,m,0,1,1,0,1,1,1,1,0,1,0,0,0,0,0,0,0,1,1,1,1
265,m,0,0,0,0,1,0,0,0,0,0,1,1,0,0,0,0,0,1,1,1,2
266,f,0,0,0,0,0,0,0,0,0,0,1,1,0,0,0,0,0,0,1,1,2
267,f,0,1,0,0,0,0,0,0,0,1,1,1,0,0,0,0,0,1,1,1,2
268,f,0,1,1,1,1,0,0,0,0,0,0,0,0,0,0,0,0,1,1,1,1
269,m,0,1,1,0,0,0,1,0,0,0,0,0,0,0,0,0,0,1,1,1,1
270,m,0,1,1,1,1,0,0,0,0,0,0,0,0,0,0,0,0,1,1,1,1
271,f,0,1,0,0,0,0,0,0,0,0,1,1,0,0,0,0,0,0,1,1,2
272,m,0,0,0,1,0,0,0,0,0,0,1,0,0,0,0,0,0,1,1,1,2
273,f,0,0,0,1,0,0,0,0,0,0,1,0,0,0,0,0,0,0,1,1,2
274,f,0,0,1,0,1,1,0,0,0,0,0,0,0,0,0,0,0,1,0,0,1
275,m,0,1,0,0,1,0,0,0,0,0,1,0,0,0,0,0,0,1,1,1,2
276,f,0,1,0,1,1,0,0,0,0,1,0,0,0,0,0,0,0,0,0,1,1
277,m,0,1,0,1,1,1,0,0,0,1,1,0,0,0,0,0,0,1,1,1,2
278,f,0,1,1,1,1,0,0,0,0,0,1,0,0,0,0,0,0,0,0,1,2
279,f,0,0,1,0,1,0,0,0,0,0,1,0,0,0,0,0,0,1,1,1,2
280,m,0,0,0,0,0,0,0,0,0,0,1,1,0,0,0,0,0,1,1,1,2
281,f,0,1,0,0,0,1,1,0,0,1,0,0,0,0,0,0,0,0,1,1,1
282,f,0,1,0,0,0,1,1,0,0,1,0,0,0,0,0,0,0,1,1,1,1
283,m,0,1,0,0,0,0,0,0,0,1,1,0,0,0,0,0,0,1,1,1,2
284,m,0,0,0,0,0,0,0,0,0,0,1,0,0,0,0,0,0,1,1,1,2
285,m,1,1,0,0,1,1,0,0,0,0,0,0,0,0,0,0,0,0,0,0,2
286,f,0,1,0,1,0,0,0,0,0,0,1,0,0,0,0,0,0,1,1,1,2
287,m,0,1,0,1,0,0,0,0,0,1,0,0,0,0,0,0,0,1,1,1,1
288,f,0,1,0,0,0,1,0,1,0,0,0,0,0,0,0,0,0,0,1,1,1
289,f,0,1,0,0,1,0,0,0,0,1,0,0,0,0,0,0,0,0,0,1,1
290,m,0,0,0,0,0,0,1,0,0,0,1,0,0,0,0,0,0,0,1,1,1
291,m,0,1,1,1,1,1,0,0,0,0,1,0,0,0,1,0,0,1,0,0,2
292,f,0,1,0,0,0,0,1,0,0,0,1,1,0,0,0,0,0,1,0,0,2
293,f,0,0,0,1,0,0,0,0,0,0,1,0,0,0,0,0,0,1,1,1,2
294,f,0,1,1,1,1,0,0,0,0,0,0,0,0,0,0,0,0,1,0,1,1
295,f,0,1,1,0,1,0,0,1,0,1,1,0,0,0,0,0,0,1,0,0,2
296,m,0,1,1,1,1,1,1,0,0,0,0,0,0,0,0,0,0,1,0,0,2
297,f,0,1,0,1,1,0,0,0,0,1,0,0,0,0,0,0,0,1,1,0,1
298,m,0,0,0,1,0,0,0,0,0,0,1,1,0,0,0,0,0,1,0,1,2
299,m,0,0,0,0,0,0,0,0,0,0,1,1,0,0,0,0,0,1,0,0,2
300,m,0,1,0,1,1,1,1,0,0,1,1,0,0,0,0,0,0,0,1,0,2
301,f,0,1,0,1,1,0,0,0,0,0,0,0,0,0,0,0,0,1,1,1,1
302,f,0,1,0,0,0,0,0,0,0,1,1,1,0,0,0,0,0,1,0,0,2
303,f,0,1,0,1,1,0,0,0,0,1,0,0,0,0,0,0,0,1,1,0,1
304,m,1,1,0,1,0,1,1,1,0,1,1,1,0,0,0,0,0,1,0,0,2
305,f,0,0,1,1,1,0,0,0,0,0,0,0,0,0,0,0,0,1,1,0,1
306,f,0,0,1,1,1,0,0,0,1,0,0,0,0,0,0,0,0,1,1,1,2
307,f,0,1,0,0,1,1,0,0,0,0,0,0,0,0,1,0,0,0,1,0,2
308,m,0,0,1,1,1,0,0,0,0,0,1,0,0,0,0,0,0,1,1,1,2
309,f,0,1,1,1,1,0,0,0,0,0,0,0,0,0,0,0,0,1,0,1,1
310,f,0,0,1,0,0,0,0,0,0,0,1,1,0,0,0,0,0,0,1,0,2
311,f,0,1,0,0,0,1,1,0,0,0,1,0,0,0,0,0,0,1,0,1,2
312,m,1,1,0,0,0,0,0,0,0,1,0,0,0,0,0,0,0,1,0,1,2
313,f,0,1,1,1,0,0,0,0,0,1,0,0,0,0,1,0,0,0,0,1,1
314,m,0,1,1,1,1,1,0,0,0,1,0,0,0,0,0,0,0,0,0,1,1
315,m,0,0,1,1,1,0,0,0,0,0,0,0,0,0,0,0,0,0,1,1,1
316,f,0,1,1,0,1,0,0,0,1,1,0,0,0,0,0,0,0,1,0,0,1
317,f,0,0,1,1,1,0,1,0,0,0,0,0,0,0,0,0,0,1,0,1,1
318,f,0,0,0,0,0,1,1,0,0,0,0,0,0,0,1,0,0,0,1,0,2
319,m,0,1,1,1,1,0,0,0,0,0,0,0,0,0,1,0,0,0,0,1,2
320,f,0,1,1,1,1,1,1,0,0,1,0,0,0,0,0,0,0,0,0,1,1
321,f,0,1,0,0,0,0,0,0,0,0,0,0,0,0,0,0,0,0,0,0,0
322,m,0,0,1,0,0,0,0,0,0,0,0,0,0,0,0,0,0,0,0,0,0
323,f,0,0,0,1,0,0,0,0,0,0,0,0,0,0,0,0,0,0,0,0,0
324,f,0,0,0,0,1,0,0,0,0,0,0,0,0,0,0,0,0,0,0,1,0
325,f,0,0,0,0,0,1,0,0,0,0,0,0,0,0,0,0,0,0,0,0,0
326,f,0,0,0,1,0,0,0,0,0,0,0,0,0,0,0,0,0,0,0,0,0
327,f,0,0,1,0,0,0,0,0,0,0,0,0,0,0,0,0,0,0,0,0,0
328,m,0,0,1,0,0,0,0,0,0,0,0,0,0,0,0,0,0,0,0,1,0
329,m,0,1,0,0,0,0,0,0,0,0,0,0,0,0,0,0,0,0,0,0,0
330,m,0,1,0,0,0,0,0,0,0,0,0,0,0,0,0,0,0,0,0,0,0
331,m,0,0,1,0,0,0,0,0,0,0,0,0,0,0,0,0,0,0,0,0,0
332,m,0,0,0,0,1,0,0,0,0,0,0,0,0,0,0,0,0,0,0,1,0
333,m,0,0,0,0,0,1,0,0,0,0,0,0,0,0,0,0,0,0,0,0,0
334,f,0,0,0,0,0,0,1,0,0,0,0,0,0,0,0,0,0,0,0,0,0
335,f,0,0,0,0,0,0,0,1,0,0,0,0,0,0,0,0,0,0,0,0,0
336,f,0,0,0,0,0,0,0,0,0,1,0,0,0,0,0,0,0,0,0,0,0
337,f,0,0,0,0,0,0,0,0,1,0,0,0,0,0,0,0,0,0,0,1,0
338,f,0,0,0,0,0,0,0,0,0,0,0,0,0,0,0,0,0,0,0,0,0
339,f,0,1,0,0,0,0,0,0,0,0,0,0,0,0,0,0,0,0,0,0,0
340,f,0,0,1,0,0,0,0,0,0,0,0,0,0,0,0,0,0,0,0,0,0
341,f,0,0,1,0,0,0,0,0,0,0,0,0,0,0,0,0,0,0,0,0,0
342,m,0,0,0,1,0,0,0,0,0,0,0,0,0,0,0,0,0,0,0,0,0
343,m,0,0,0,0,1,0,0,0,0,0,0,0,0,0,0,0,0,0,0,0,0
344,m,0,0,0,0,0,1,0,0,0,0,0,0,0,0,0,0,0,0,0,0,0
345,m,0,0,0,0,0,1,0,0,0,0,0,0,0,0,0,0,0,0,0,0,0
346,f,0,0,0,0,0,1,0,0,0,0,0,0,0,0,0,0,0,0,0,1,0
347,f,0,0,0,0,0,0,1,0,0,0,0,0,0,0,0,0,0,0,0,0,0
348,f,0,0,0,1,0,0,0,0,0,0,0,0,0,0,0,0,0,0,0,0,0
349,f,0,0,1,0,0,0,0,0,0,0,0,0,0,0,0,0,0,0,0,0,0
350,m,0,1,0,0,0,0,0,0,0,0,0,0,0,0,0,0,0,0,0,0,0
351,m,0,0,0,1,0,0,0,0,0,0,0,0,0,0,0,0,0,0,0,0,0
352,m,0,0,0,0,1,0,0,0,0,0,0,0,0,0,0,0,0,0,0,0,0
353,m,0,0,0,0,1,0,0,0,0,0,0,0,0,0,0,0,0,0,0,0,0
354,f,0,0,0,0,1,0,0,0,0,0,0,0,0,0,0,0,0,0,0,1,0
355,m,0,0,0,0,1,0,0,0,0,0,0,0,0,0,0,0,0,0,0,1,0
356,m,0,0,0,0,1,0,0,0,0,0,0,0,0,0,0,0,0,0,0,0,0
357,m,0,0,0,0,0,1,0,0,0,0,0,0,0,0,0,0,0,0,0,0,0
358,f,0,0,0,0,0,1,0,0,0,0,0,0,0,0,0,0,0,0,0,0,0
359,f,0,0,0,0,0,1,0,0,0,0,0,0,0,0,0,0,0,0,0,0,0
360,f,0,0,0,0,0,0,1,0,0,0,0,0,0,0,0,0,0,0,0,0,0
361,m,0,0,0,0,0,0,0,1,0,0,0,0,0,0,0,0,0,0,0,0,0
362,m,0,0,0,0,0,0,0,1,0,0,0,0,0,0,0,0,0,0,0,0,0
363,m,0,0,0,0,0,0,0,1,0,0,0,0,0,0,0,0,0,0,0,0,0
364,m,0,0,0,0,0,0,0,0,0,1,0,0,0,0,0,0,0,0,0,0,0
365,f,0,0,0,0,0,0,0,0,0,1,0,0,0,0,0,0,0,0,0,0,0
366,f,0,0,0,0,0,0,0,0,0,1,0,0,0,0,0,0,0,0,0,0,0
367,f,0,0,0,0,0,0,0,0,0,1,0,0,0,0,0,0,0,0,0,0,0
368,f,0,0,0,0,0,0,0,0,1,0,0,0,0,0,0,0,0,0,0,0,0
369,f,0,0,0,0,0,0,0,0,1,0,0,0,0,0,0,0,0,0,0,0,0
370,f,0,0,0,0,0,0,0,0,0,0,0,0,1,0,0,0,0,0,0,0,0
371,m,0,0,0,0,0,0,0,0,0,0,0,0,1,0,0,0,0,0,0,0,0
372,m,0,0,0,0,0,0,0,0,0,0,0,0,1,0,0,0,0,0,0,1,0
373,m,0,0,0,0,0,0,0,0,0,0,0,0,0,1,0,0,0,0,0,0,0
374,f,0,0,0,0,0,0,0,0,0,0,0,0,0,1,0,0,0,0,0,0,0
375,f,0,0,0,0,0,0,0,0,0,0,0,0,0,0,1,0,0,0,0,0,0
376,m,0,0,0,0,0,0,0,0,0,0,0,0,0,0,1,0,0,0,0,0,0
377,f,0,0,0,0,0,0,0,0,0,0,0,0,0,0,0,1,0,0,0,0,0
378,f,0,0,0,0,0,0,0,0,1,0,0,0,0,0,0,0,0,0,0,0,0
379,m,0,0,0,0,0,0,0,0,0,1,0,0,0,0,0,0,0,0,0,0,0
380,f,0,0,0,0,0,0,0,0,0,1,0,0,0,0,0,0,0,0,0,0,0
381,m,0,1,0,0,0,0,0,0,0,0,0,0,0,0,0,0,0,0,0,0,0
382,m,0,1,0,0,0,0,0,0,0,0,0,0,0,0,0,0,0,0,0,0,0
383,f,0,1,0,0,0,0,0,0,0,0,0,0,0,0,0,0,0,0,0,0,0
384,f,0,1,0,0,0,0,0,0,0,0,0,0,0,0,0,0,0,0,0,0,0
385,f,0,0,1,0,0,0,0,0,0,0,0,0,0,0,0,0,0,0,0,0,0
386,f,0,0,1,0,0,0,0,0,0,0,0,0,0,0,0,0,0,0,0,0,0
387,f,0,0,0,1,0,0,0,0,0,0,0,0,0,0,0,0,0,0,0,0,0
388,f,0,0,0,1,0,0,0,0,0,0,0,0,0,0,0,0,0,0,0,0,0
389,f,0,0,0,0,1,0,0,0,0,0,0,0,0,0,0,0,0,0,0,0,0
390,f,0,0,0,0,0,1,0,0,0,0,0,0,0,0,0,0,0,0,0,0,0
391,f,0,0,0,0,0,1,0,0,0,0,0,0,0,0,0,0,0,0,0,0,0
392,f,0,0,0,0,0,1,0,0,0,0,0,0,0,0,0,0,0,0,0,1,0
393,f,0,0,0,0,1,0,0,0,0,0,0,0,0,0,0,0,0,0,0,0,0
394,m,0,0,0,0,1,0,0,0,0,0,0,0,0,0,0,0,0,0,0,0,0
395,m,0,0,0,1,0,0,0,0,0,0,0,0,0,0,0,0,0,0,0,0,0
396,m,0,0,0,1,0,0,0,0,0,0,0,0,0,0,0,0,0,0,0,0,0
397,m,0,0,0,1,0,0,0,0,0,0,0,0,0,0,0,0,0,0,0,0,0
398,m,0,0,1,0,0,0,0,0,0,0,0,0,0,0,0,0,0,0,0,0,0
399,m,0,0,1,0,0,0,0,0,0,0,0,0,0,0,0,0,0,0,0,0,0
400,m,0,0,1,0,0,0,0,0,0,0,0,0,0,0,0,0,0,0,0,0,0
401,m,0,0,1,0,0,0,0,0,0,0,0,0,0,0,0,0,0,0,0,0,0
402,m,0,1,0,0,0,0,0,0,0,0,0,0,0,0,0,0,0,0,0,0,0
403,m,0,1,0,0,0,0,0,0,0,0,0,0,0,0,0,0,0,0,0,0,0
404,f,0,1,0,0,0,0,0,0,0,0,0,0,0,0,0,0,0,0,0,0,0
405,f,0,1,0,0,0,0,0,0,0,0,0,0,0,0,0,0,0,0,0,1,0
406,f,0,1,0,0,0,0,0,0,0,0,0,0,0,0,0,0,0,0,0,0,0
407,f,0,1,0,0,0,0,0,0,0,0,0,0,0,0,0,0,0,0,0,0,0
408,f,0,0,0,0,1,0,0,0,0,0,0,0,0,0,0,0,0,0,0,0,0
409,f,0,0,0,0,0,1,0,0,0,0,0,0,0,0,0,0,0,0,0,0,0
410,f,0,0,0,0,0,1,0,0,0,0,0,0,0,0,0,0,0,0,0,0,0
411,f,0,0,0,0,0,1,0,0,0,0,0,0,0,0,0,0,0,0,0,0,0
412,f,0,0,0,0,0,1,0,0,0,0,0,0,0,0,0,0,0,0,0,0,0
413,f,0,0,0,0,0,1,0,0,0,0,0,0,0,0,0,0,0,0,0,0,0
414,f,0,0,0,0,0,1,0,0,0,0,0,0,0,0,0,0,0,0,0,0,0
415,f,0,0,0,0,0,0,1,0,0,0,0,0,0,0,0,0,0,0,0,0,0
416,f,0,0,0,0,0,0,1,0,0,0,0,0,0,0,0,0,0,0,0,0,0
417,f,0,0,0,0,0,0,1,0,0,0,0,0,0,0,0,0,0,0,0,0,0
418,f,0,0,0,0,0,0,1,0,0,0,0,0,0,0,0,0,0,0,0,0,0
419,f,0,0,0,0,0,0,0,1,0,0,0,0,0,0,0,0,0,0,0,0,0
420,m,0,0,0,0,0,0,0,1,0,0,0,0,0,0,0,0,0,0,0,0,0
421,m,0,0,0,0,0,0,0,1,0,0,0,0,0,0,0,0,0,0,0,0,0
422,m,0,0,0,0,0,0,0,1,0,0,0,0,0,0,0,0,0,0,0,0,0
423,m,0,0,0,0,0,0,0,1,0,0,0,0,0,0,0,0,0,0,0,1,0
424,m,0,0,0,0,0,0,0,1,0,0,0,0,0,0,0,0,0,0,0,0,0
425,m,0,0,0,0,0,0,0,1,0,0,0,0,0,0,0,0,0,0,0,0,0
426,m,0,0,0,0,0,0,0,0,0,1,0,0,0,0,0,0,0,0,0,0,0
427,m,0,0,0,0,0,0,0,0,0,1,0,0,0,0,0,0,0,0,0,0,0
428,m,0,0,0,0,0,0,0,0,0,1,0,0,0,0,0,0,0,0,0,0,0
429,m,0,0,0,0,0,0,0,0,0,1,0,0,0,0,0,0,0,0,0,0,0
430,m,0,0,0,0,0,0,0,0,0,1,0,0,0,0,0,0,0,0,0,0,0
431,m,0,0,0,0,0,0,0,0,0,1,0,0,0,0,0,0,0,0,0,0,0
432,m,0,0,0,0,0,0,0,0,1,0,0,0,0,0,0,0,0,0,0,0,0
433,m,0,0,0,0,0,0,0,0,1,0,0,0,0,0,0,0,0,0,0,0,0
434,m,0,0,0,0,0,0,1,0,0,0,0,0,0,0,0,0,0,0,0,0,0
435,m,0,0,0,0,0,1,0,0,0,0,0,0,0,0,0,0,0,0,0,0,0
436,m,0,0,0,0,0,1,0,0,0,0,0,0,0,0,0,0,0,0,0,1,0
437,m,0,0,0,0,0,1,0,0,0,0,0,0,0,0,0,0,0,0,0,0,0
438,f,0,0,0,0,1,0,0,0,0,0,0,0,0,0,0,0,0,0,0,1,0
439,f,0,0,0,0,1,0,0,0,0,0,0,0,0,0,0,0,0,0,0,0,0
440,f,0,0,0,1,0,0,0,0,0,0,0,0,0,0,0,0,0,0,0,0,0
441,f,0,0,0,1,0,0,0,0,0,0,0,0,0,0,0,0,0,0,0,0,0
442,f,0,0,0,1,0,0,0,0,0,0,0,0,0,0,0,0,0,0,0,0,0
443,f,0,0,1,0,0,0,0,0,0,0,0,0,0,0,0,0,0,0,0,0,0
444,f,0,0,1,0,0,0,0,0,0,0,0,0,0,0,0,0,0,0,0,0,0
445,f,0,0,1,0,0,0,0,0,0,0,0,0,0,0,0,0,0,0,0,0,0
446,f,0,0,1,0,0,0,0,0,0,0,0,0,0,0,0,0,0,0,0,0,0
447,f,0,0,1,0,0,0,0,0,0,0,0,0,0,0,0,0,0,0,0,0,0
448,f,0,0,1,0,0,0,0,0,0,0,0,0,0,0,0,0,0,0,0,0,0
449,f,0,0,1,0,0,0,0,0,0,0,0,0,0,0,0,0,0,0,0,0,0
450,m,0,0,1,0,0,0,0,0,0,0,0,0,0,0,0,0,0,0,0,0,0
451,m,0,0,1,0,0,0,0,0,0,0,0,0,0,0,0,0,0,0,0,0,0
452,m,0,0,1,0,0,0,0,0,0,0,0,0,0,0,0,0,0,0,0,0,0
453,m,0,0,1,0,0,0,0,0,0,0,0,0,0,0,0,0,0,0,0,0,0
454,m,0,0,1,0,0,0,0,0,0,0,0,0,0,0,0,0,0,0,0,0,0
455,m,0,0,1,0,0,0,0,0,0,0,0,0,0,0,0,0,0,0,0,0,0
456,m,0,0,1,0,0,0,0,0,0,0,0,0,0,0,0,0,0,0,0,0,0
457,m,0,0,1,0,0,0,0,0,0,0,0,0,0,0,0,0,0,0,0,0,0
458,m,0,0,1,0,0,0,0,0,0,0,0,0,0,0,0,0,0,0,0,0,0
459,m,0,1,0,0,0,0,0,0,0,0,0,0,0,0,0,0,0,0,0,0,0
460,f,0,1,0,0,0,0,0,0,0,0,0,0,0,0,0,0,0,0,0,0,0
461,f,0,1,0,0,0,0,0,0,0,0,0,0,0,0,0,0,0,0,0,0,0
462,f,0,1,0,0,0,0,0,0,0,0,0,0,0,0,0,0,0,0,0,0,0
463,f,0,1,0,0,0,0,0,0,0,0,0,0,0,0,0,0,0,0,0,0,0
464,f,0,1,0,0,0,0,0,0,0,0,0,0,0,0,0,0,0,0,0,0,0
465,f,0,1,0,0,0,0,0,0,0,0,0,0,0,0,0,0,0,0,0,0,0
466,f,0,1,0,0,0,0,0,0,0,0,0,0,0,0,0,0,0,0,0,0,0
467,f,0,0,0,1,0,0,0,0,0,0,0,0,0,0,0,0,0,0,0,0,0
468,f,0,0,0,1,0,0,0,0,0,0,0,0,0,0,0,0,0,0,0,0,0
469,m,0,0,0,1,0,0,0,0,0,0,0,0,0,0,0,0,0,0,0,0,0
470,m,0,0,0,1,0,0,0,0,0,0,0,0,0,0,0,0,0,0,0,0,0
471,m,0,0,0,1,0,0,0,0,0,0,0,0,0,0,0,0,0,0,0,0,0
472,m,0,0,0,1,0,0,0,0,0,0,0,0,0,0,0,0,0,0,0,0,0
473,m,0,0,0,1,0,0,0,0,0,0,0,0,0,0,0,0,0,0,0,0,0
474,m,0,0,0,1,0,0,0,0,0,0,0,0,0,0,0,0,0,0,0,0,0
475,m,0,0,0,1,0,0,0,0,0,0,0,0,0,0,0,0,0,0,0,0,0
476,m,0,0,0,1,0,0,0,0,0,0,0,0,0,0,0,0,0,0,0,0,0
477,f,0,0,0,1,0,0,0,0,0,0,0,0,0,0,0,0,0,0,0,0,0
478,f,0,0,0,1,0,0,0,0,0,0,0,0,0,0,0,0,0,0,0,0,0
479,f,0,0,0,0,0,1,0,0,0,0,0,0,0,0,0,0,0,0,0,0,0
480,f,0,0,0,0,0,1,0,0,0,0,0,0,0,0,0,0,0,0,0,0,0
481,f,0,0,0,0,0,1,0,0,0,0,0,0,0,0,0,0,0,0,0,0,0
482,f,0,0,0,0,0,1,0,0,0,0,0,0,0,0,0,0,0,0,0,0,0
483,f,0,0,0,0,0,1,0,0,0,0,0,0,0,0,0,0,0,0,0,0,0
484,f,0,0,0,0,0,1,0,0,0,0,0,0,0,0,0,0,0,0,0,0,0
485,f,0,0,0,0,0,1,0,0,0,0,0,0,0,0,0,0,0,0,0,0,0
486,m,0,0,0,0,0,1,0,0,0,0,0,0,0,0,0,0,0,0,0,0,0
487,m,0,0,0,0,0,1,0,0,0,0,0,0,0,0,0,0,0,0,0,0,0
488,m,0,0,0,0,0,0,0,1,0,0,0,0,0,0,0,0,0,0,0,0,0
489,m,0,0,0,0,0,0,0,1,0,0,0,0,0,0,0,0,0,0,0,0,0
490,m,0,0,0,0,0,0,0,1,0,0,0,0,0,0,0,0,0,0,0,0,0
491,m,0,0,0,0,0,0,0,1,0,0,0,0,0,0,0,0,0,0,0,0,0
492,m,0,0,0,0,0,0,0,1,0,0,0,0,0,0,0,0,0,0,0,0,0
493,m,0,0,0,0,0,0,0,1,0,0,0,0,0,0,0,0,0,0,0,0,0
494,m,0,0,0,0,0,0,0,1,0,0,0,0,0,0,0,0,0,0,0,0,0
495,m,0,0,0,0,0,0,0,1,0,0,0,0,0,0,0,0,0,0,0,0,0
496,m,0,0,0,0,0,0,0,1,0,0,0,0,0,0,0,0,0,0,0,0,0
497,m,0,0,0,0,0,0,0,1,0,0,0,0,0,0,0,0,0,0,0,0,0
498,m,0,0,0,0,0,0,0,1,0,0,0,0,0,0,0,0,0,0,0,0,0
499,m,0,0,0,0,0,0,0,1,0,0,0,0,0,0,0,0,0,0,0,0,0
500,m,0,0,0,0,0,0,0,1,0,0,0,0,0,0,0,0,0,0,0,0,0
